[
  {
    "Id": "625301",
    "ThreadId": "260750",
    "Html": "\r\n<p>Please visit the PDFsharp Support Forum: <a href=\"http://forum.pdfsharp.net/\">\r\nhttp://forum.pdfsharp.net/</a></p>\r\n<p>This is the place we check most frequently for questions and bug reports.</p>\r\n<p>The PDFsharp web site is at <a href=\"http://www.pdfsharp.net/\">http://www.pdfsharp.net/</a></p>\r\n",
    "PostedDate": "2011-06-09T05:11:16.333-07:00",
    "UserRole": null,
    "MarkedAsAnswerDate": null
  }
]