[
  {
    "Id": "1429921",
    "ThreadId": "639785",
    "Html": "Please visit the PDFsharp Support Forum:  <a href=\"http://forum.pdfsharp.net/\" rel=\"nofollow\">http://forum.pdfsharp.net/</a>\r<br />\n<br />\nThis is the place we check most frequently for questions and bug reports.\r<br />\n<br />\nThe PDFsharp web site is at <a href=\"http://www.pdfsharp.net/\" rel=\"nofollow\">http://www.pdfsharp.net/</a><br />\n",
    "PostedDate": "2015-06-10T08:06:33.413-07:00",
    "UserRole": null,
    "MarkedAsAnswerDate": null
  },
  {
    "Id": "1429930",
    "ThreadId": "639785",
    "Html": "Push to top.<br />\n",
    "PostedDate": "2015-06-10T08:27:58.68-07:00",
    "UserRole": null,
    "MarkedAsAnswerDate": null
  },
  {
    "Id": "1445246",
    "ThreadId": "639785",
    "Html": "I didn't see this at first. Now that I've buried it a little, (bump).<br />\n",
    "PostedDate": "2015-09-21T14:16:39.717-07:00",
    "UserRole": null,
    "MarkedAsAnswerDate": null
  },
  {
    "Id": "1468938",
    "ThreadId": "639785",
    "Html": "Bump.<br />\n",
    "PostedDate": "2016-04-04T08:52:27.003-07:00",
    "UserRole": null,
    "MarkedAsAnswerDate": null
  }
]