[
  {
    "Id": "1030165",
    "ThreadId": "440216",
    "Html": "Is this library able to save a .doc file as .pdf file?<br />\n",
    "PostedDate": "2013-04-14T01:45:56.027-07:00",
    "UserRole": null,
    "MarkedAsAnswerDate": null
  },
  {
    "Id": "1129118",
    "ThreadId": "440216",
    "Html": "No, PDFsharp is not an Doc2PDF Converter.<br />\n",
    "PostedDate": "2013-11-26T03:09:18.63-08:00",
    "UserRole": null,
    "MarkedAsAnswerDate": "2015-06-10T08:13:26.157-07:00"
  }
]