[
  {
    "Id": "65374",
    "Title": "How to submit patches?",
    "LatestDate": "2015-06-10T08:24:42.773-07:00"
  },
  {
    "Id": "65377",
    "Title": "Hack on PDFsharp with git",
    "LatestDate": "2009-08-12T10:55:44.63-07:00"
  },
  {
    "Id": "68496",
    "Title": "Infopath forms to pdf using this API?",
    "LatestDate": "2011-05-02T05:16:07.333-07:00"
  },
  {
    "Id": "69840",
    "Title": "PDFsharp Support Forum: http://forum.pdfsharp.net/",
    "LatestDate": "2009-09-23T06:08:08.85-07:00"
  },
  {
    "Id": "237233",
    "Title": "Adobe 6.x format",
    "LatestDate": "2016-09-22T00:56:16.043-07:00"
  },
  {
    "Id": "237464",
    "Title": "Where are the binaries???",
    "LatestDate": "2010-12-07T08:50:54.183-08:00"
  },
  {
    "Id": "248380",
    "Title": "multipage TIF files?",
    "LatestDate": "2014-03-29T05:30:20.817-07:00"
  },
  {
    "Id": "253369",
    "Title": "Convert pdf pages into images",
    "LatestDate": "2015-06-10T08:17:25.443-07:00"
  },
  {
    "Id": "253616",
    "Title": "Automatic Printing",
    "LatestDate": "2014-09-12T12:23:12.583-07:00"
  },
  {
    "Id": "260730",
    "Title": "Adding images without file",
    "LatestDate": "2011-06-09T05:09:32.393-07:00"
  },
  {
    "Id": "260750",
    "Title": "PDFsharp Support Forum: http://forum.pdfsharp.net/",
    "LatestDate": "2011-06-09T05:11:16.333-07:00"
  },
  {
    "Id": "389538",
    "Title": "Regarding the PdfAcroViewer control",
    "LatestDate": "2015-06-10T08:19:26.073-07:00"
  },
  {
    "Id": "404251",
    "Title": "Hello there , ive a project in mind ..wil it be possible using this library ?",
    "LatestDate": "2014-07-14T01:40:09.49-07:00"
  },
  {
    "Id": "405031",
    "Title": "PDFsharp Support Forum: http://forum.pdfsharp.net/ ",
    "LatestDate": "2012-11-29T07:36:42.93-08:00"
  },
  {
    "Id": "440216",
    "Title": "Saving PDF from Doc",
    "LatestDate": "2013-11-26T03:09:18.63-08:00"
  },
  {
    "Id": "452287",
    "Title": "What happened to PdfSharp.Xps project?",
    "LatestDate": "2015-06-10T08:21:38.987-07:00"
  },
  {
    "Id": "546143",
    "Title": "What is the process for submitting a patch?",
    "LatestDate": "2015-06-10T08:05:49.663-07:00"
  },
  {
    "Id": "554631",
    "Title": "brightness ?",
    "LatestDate": "2014-07-30T09:10:43.907-07:00"
  },
  {
    "Id": "639785",
    "Title": "The recommended place for discussions about PDFsharp ...",
    "LatestDate": "2016-04-04T08:52:27.003-07:00"
  },
  {
    "Id": "645283",
    "Title": "Which installer for integrated help?",
    "LatestDate": "2015-09-21T12:44:10.33-07:00"
  },
  {
    "Id": "645285",
    "Title": "How to access integrated help?",
    "LatestDate": "2015-09-21T13:24:15.633-07:00"
  },
  {
    "Id": "651063",
    "Title": "Adding attachment to pdf",
    "LatestDate": "2016-02-08T23:14:48.653-08:00"
  }
]