[
  {
    "Id": "532357",
    "ThreadId": "237464",
    "Html": "\r\n<p>I can't find a direct download for pdfsharp.dll. Where is it?</p>\r\n",
    "PostedDate": "2010-12-07T08:49:28.69-08:00",
    "UserRole": null,
    "MarkedAsAnswerDate": null
  },
  {
    "Id": "532358",
    "ThreadId": "237464",
    "Html": "\r\n<p>Oops, there it is, staring me in the face on the homepage, called &quot;<a id=\"x_fileDownload1\" tabindex=\"9\" href=\"../releases/37054/download/96263\">PDFsharp-MigraDocFoundation-Assemblies-1_31.zip&quot;</a></p>\r\n",
    "PostedDate": "2010-12-07T08:50:54.183-08:00",
    "UserRole": null,
    "MarkedAsAnswerDate": null
  }
]