{
  "WorkItem": {
    "AffectedComponent": {
      "Name": "",
      "DisplayName": ""
    },
    "ClosedComment": "",
    "ClosedDate": null,
    "CommentCount": 0,
    "Custom": null,
    "Description": "Functionality to sign a pdf document with electronic signature in PDFSharp",
    "LastUpdatedDate": "2015-02-10T05:06:57.537-08:00",
    "PlannedForRelease": "",
    "ReleaseVisibleToPublic": false,
    "Priority": {
      "Name": "Low",
      "Severity": 50,
      "Id": 1
    },
    "ProjectName": "pdfsharp",
    "ReportedDate": "2012-10-19T00:33:48.95-07:00",
    "Status": {
      "Name": "Proposed",
      "Id": 1
    },
    "ReasonClosed": {
      "Name": "Unassigned"
    },
    "Summary": "Function to add digital signature to PDFs",
    "Type": {
      "Name": "Issue",
      "Id": 3
    },
    "VoteCount": 13,
    "Id": 15716
  },
  "FileAttachments": [],
  "Comments": []
}