{
  "WorkItem": {
    "AffectedComponent": {
      "Name": "",
      "DisplayName": ""
    },
    "ClosedComment": "",
    "ClosedDate": null,
    "CommentCount": 0,
    "Custom": null,
    "Description": "I have the attached pdf\n\nCalling PdfReader.Open on it just hangs indefinitely.\n\nHere's a simple example in powershell (so that i don't have to send c# files):\n\n```\nW:\\MyProject> [reflection.assembly]::LoadFile((resolve-path .\\packages\\PdfSharp.1.32.2602.0\\lib\\net20\\PdfSharp.dll).Path)\n\nGAC    Version        Location\n---    -------        --------\nFalse  v2.0.50727     W:\\MyProject\\packages\\PdfSharp.1.32.2602.0\\lib\\net20\\PdfSharp.dll\n\n\nW:\\MyProject> [pdfsharp.pdf.io.pdfreader]::Open(\"C:\\Users\\George\\AppData\\Local\\Temp\\Ogre\\vgxvlnbh2mn\\slide0.pdf\")\n\n```\n\nThis never returns. Same story calling it from C# or anywhere else",
    "LastUpdatedDate": "2013-03-19T07:12:13.737-07:00",
    "PlannedForRelease": "",
    "ReleaseVisibleToPublic": false,
    "Priority": {
      "Name": "Unassigned",
      "Severity": 0,
      "Id": 0
    },
    "ProjectName": "pdfsharp",
    "ReportedDate": "2013-03-18T11:55:13.973-07:00",
    "Status": {
      "Name": "Proposed",
      "Id": 1
    },
    "ReasonClosed": {
      "Name": "Unassigned"
    },
    "Summary": "Hangs while importing a a simple pdf file",
    "Type": {
      "Name": "Issue",
      "Id": 3
    },
    "VoteCount": 1,
    "Id": 16109
  },
  "FileAttachments": [
    {
      "FileId": 4725,
      "FileName": "slide0.pdf",
      "DownloadUrl": ".\\4725"
    }
  ],
  "Comments": [
    {
      "Message": "Other pdfs open just fine.\r\n\r\nThis particular one was generated by running the phantomjs rasterizer on an html page (which contained plenty of svg)",
      "PostedDate": "2013-03-18T11:57:42.967-07:00",
      "Id": -2147483648
    },
    {
      "Message": "",
      "PostedDate": "2013-03-19T07:12:13.737-07:00",
      "Id": -2147483648
    }
  ]
}